image1.jpg,image1_p.jpg,4,50.4452,104.6189
image1.jpg,image1_p.jpg,4,50.4452,104.6189
image1.jpg,image1_p.jpg,4,50.4452,104.6189
image1.jpg,image1_p.jpg,4,50.4452,104.6189
image1.jpg,image1_p.jpg,4,50.4452,104.6189
image1.jpg,image1_p.jpg,4,50.4452,104.6189
image1.jpg,image1_p.jpg,4,50.4452,104.6189
image1.jpg,image1_p.jpg,4,50.4452,104.6189
image1.jpg,image1_p.jpg,4,50.4452,104.6189
image1.jpg,image1_p.jpg,4,50.4452,104.6189
image1.jpg,image1_p.jpg,4,50.4452,104.6189
image1.jpg,image1_p.jpg,4,50.4452,104.6189
image1.jpg,image1_p.jpg,4,50.4452,104.6189
image1.jpg,image1_p.jpg,4,50.4452,104.6189
image1.jpg,image1_p.jpg,4,50.4452,104.6189
image1.jpg,image1_p.jpg,4,50.4452,104.6189
image1.jpg,image1_p.jpg,4,50.4452,104.6189
image1.jpg,image1_p.jpg,4,50.4452,104.6189
image1.jpg,image1_p.jpg,4,50.4452,104.6189
image1.jpg,image1_p.jpg,4,50.4452,104.6189
image1.jpg,image1_p.jpg,4,50.4452,104.6189
image1.jpg,image1_p.jpg,4,50.4452,104.6189
image1.jpg,image1_p.jpg,4,50.4452,104.6189
image1.jpg,image1_p.jpg,4,50.4452,104.6189
image1.jpg,image1_p.jpg,4,50.4452,104.6189
image1.jpg,image1_p.jpg,4,50.4452,104.6189
image1.jpg,image1_p.jpg,4,50.4452,104.6189
